toby,toby@gmail.com,Pathologist,cs1531,3232323,PROV12
gary,gary@gmail.com,GP,cs1531,1231231,PROV1
samuel,samuel@gmail.com,GP,cs1531,12312312,PROV2
sid,sid@gmail.com,Pathologist,cs1531,12313122,PROV23
michael,michael@gmail.com,Physiotherapist,cs1531,2342413,PROV34
anna,anna@gmail.com,GP,cs1531,123123131,PROV5
thomas,thomas@gmail.com,Pharmacist,cs1531,12312312,PROV6
ian,ian@gmail.com,Physiotherapist,cs1531,12312311,PROV7